NAME,TEAM,POS,SALARY
Zack Greinke,Arizona Diamondbacks,SP,"$31,954,483"
Paul Goldschmidt,Arizona Diamondbacks,1B,"$11,083,333"
A.J. Pollock,Arizona Diamondbacks,OF,"$7,750,000"
Patrick Corbin,Arizona Diamondbacks,SP,"$7,500,000"
Shelby Miller,Arizona Diamondbacks,SP,"$4,900,000"
Taijuan Walker,Arizona Diamondbacks,SP,"$4,825,000"
Jake Lamb,Arizona Diamondbacks,3B,"$4,275,000"
Alex Avila,Arizona Diamondbacks,C,"$4,000,000"
Robbie Ray,Arizona Diamondbacks,SP,"$3,950,000"
Jarrod Dyson,Arizona Diamondbacks,OF,"$3,750,000"
Steven Souza Jr.,Arizona Diamondbacks,OF,"$3,550,000"
Chris Owings,Arizona Diamondbacks,SS,"$3,400,000"
David Peralta,Arizona Diamondbacks,OF,"$3,300,000"
Yoshihisa Hirano,Arizona Diamondbacks,RP,"$2,750,000"
Jorge De La Rosa,Arizona Diamondbacks,RP,"$2,250,000"
Randall Delgado,Arizona Diamondbacks,RP,"$2,250,000"
Jeff Mathis,Arizona Diamondbacks,C,"$2,000,000"
Daniel Descalso,Arizona Diamondbacks,1B,"$2,000,000"
Brad Boxberger,Arizona Diamondbacks,RP,"$1,850,000"
Ketel Marte,Arizona Diamondbacks,SS,"$1,600,000"
Fernando Salas,Arizona Diamondbacks,RP,"$1,500,000"
Nick Ahmed,Arizona Diamondbacks,SS,"$1,275,000"
Andrew Chafin,Arizona Diamondbacks,RP,"$1,195,000"
T.J. McFarland,Arizona Diamondbacks,RP,"$850,000"
Archie Bradley,Arizona Diamondbacks,RP,"$581,900"
Zack Godley,Arizona Diamondbacks,SP,"$579,200"
Deven Marrero,Arizona Diamondbacks,SS,"$561,500"
John Ryan Murphy,Arizona Diamondbacks,C,"$558,000"
Freddie Freeman,Atlanta Braves,1B,"$21,359,375"
Brandon McCarthy,Atlanta Braves,SP,"$11,500,000"
Nick Markakis,Atlanta Braves,OF,"$11,000,000"
Julio Teheran,Atlanta Braves,SP,"$8,166,666"
Ender Inciarte,Atlanta Braves,OF,"$4,700,000"
Tyler Flowers,Atlanta Braves,C,"$4,000,000"
Kurt Suzuki,Atlanta Braves,C,"$3,500,000"
Arodys Vizcaino,Atlanta Braves,RP,"$3,400,000"
Mike Foltynewicz,Atlanta Braves,SP,"$2,200,000"
Rex Brothers,Atlanta Braves,RP,"$1,100,000"
Sam Freeman,Atlanta Braves,RP,"$1,075,000"
Peter Bourjos,Atlanta Braves,OF,"$1,000,000"
Jacob Lindgren,Atlanta Braves,RP,"$820,000"
Chase Whitley,Atlanta Braves,RP,"$800,000"
Ryan Flaherty,Atlanta Braves,2B,"$750,000"
Dan Winkler,Atlanta Braves,RP,"$610,000"
Charlie Culberson,Atlanta Braves,SS,"$575,000"
Chris Stewart,Atlanta Braves,C,"$575,000"
Lane Adams,Atlanta Braves,OF,"$575,000"
Peter Moylan,Atlanta Braves,RP,"$575,000"
Dansby Swanson,Atlanta Braves,SS,"$565,000"
Jose Ramirez,Atlanta Braves,RP,"$565,000"
Preston Tucker,Atlanta Braves,OF,"$565,000"
A.J. Minter,Atlanta Braves,RP,"$555,000"
Johan Camargo,Atlanta Braves,3B,"$555,000"
Luiz Gohara,Atlanta Braves,SP,"$555,000"
Ozzie Albies,Atlanta Braves,2B,"$555,000"
Sean Newcomb,Atlanta Braves,SP,"$555,000"
Shane Carle,Atlanta Braves,RP,"$555,000"
Chris Davis,Baltimore Orioles,1B,"$21,169,326"
Adam Jones,Baltimore Orioles,OF,"$17,393,152"
Manny Machado,Baltimore Orioles,SS,"$16,000,000"
Alex Cobb,Baltimore Orioles,SP,"$14,000,000"
Mark Trumbo,Baltimore Orioles,DH,"$12,274,428"
Zach Britton,Baltimore Orioles,RP,"$12,000,000"
Darren O'Day,Baltimore Orioles,RP,"$8,854,712"
Jonathan Schoop,Baltimore Orioles,2B,"$8,500,000"
Andrew Cashner,Baltimore Orioles,SP,"$6,346,755"
Kevin Gausman,Baltimore Orioles,SP,"$5,600,000"
Brad Brach,Baltimore Orioles,RP,"$5,165,000"
Tim Beckham,Baltimore Orioles,3B,"$3,350,000"
Chris Tillman,Baltimore Orioles,SP,"$3,000,000"
Colby Rasmus,Baltimore Orioles,OF,"$3,000,000"
Dylan Bundy,Baltimore Orioles,SP,"$1,640,000"
Caleb Joseph,Baltimore Orioles,C,"$1,250,000"
Danny Valencia,Baltimore Orioles,1B,"$1,200,000"
Pedro Alvarez,Baltimore Orioles,1B,"$1,000,000"
Craig Gentry,Baltimore Orioles,OF,"$900,000"
Mychal Givens,Baltimore Orioles,RP,"$566,500"
Trey Mancini,Baltimore Orioles,OF,"$556,500"
Richard Bleier,Baltimore Orioles,RP,"$556,000"
Mike Wright Jr.,Baltimore Orioles,SP,"$553,500"
Miguel Castro,Baltimore Orioles,RP,"$553,000"
Gabriel Ynoa,Baltimore Orioles,SP,"$549,000"
Anthony Santander,Baltimore Orioles,OF,"$546,500"
Chance Sisco,Baltimore Orioles,C,"$546,500"
Nestor Cortes,Baltimore Orioles,RP,"$545,000"
Pedro Araujo,Baltimore Orioles,RP,"$545,000"
David Price,Boston Red Sox,SP,"$30,000,000"
J.D. Martinez,Boston Red Sox,OF,"$23,750,000"
Hanley Ramirez,Boston Red Sox,1B,"$22,750,000"
Rick Porcello,Boston Red Sox,SP,"$21,125,000"
Dustin Pedroia,Boston Red Sox,2B,"$15,521,686"
Craig Kimbrel,Boston Red Sox,RP,"$13,900,000"
Chris Sale,Boston Red Sox,SP,"$12,500,000"
Mookie Betts,Boston Red Sox,OF,"$10,500,000"
Drew Pomeranz,Boston Red Sox,SP,"$8,500,000"
Xander Bogaerts,Boston Red Sox,SS,"$7,050,000"
Mitch Moreland,Boston Red Sox,1B,"$6,500,000"
Jackie Bradley Jr.,Boston Red Sox,OF,"$6,100,000"
Eduardo Nunez,Boston Red Sox,2B,"$6,000,000"
Joe Kelly,Boston Red Sox,RP,"$3,825,000"
Eduardo Rodriguez,Boston Red Sox,SP,"$2,375,000"
Brock Holt,Boston Red Sox,2B,"$2,225,000"
Tyler Thornburg,Boston Red Sox,RP,"$2,050,000"
Sandy Leon,Boston Red Sox,C,"$1,950,000"
Christian Vazquez,Boston Red Sox,C,"$1,450,000"
Steven Wright,Boston Red Sox,SP,"$1,100,000"
Carson Smith,Boston Red Sox,RP,"$850,000"
Andrew Benintendi,Boston Red Sox,OF,"$620,500"
Matt Barnes,Boston Red Sox,RP,"$605,000"
Heath Hembree,Boston Red Sox,RP,"$581,500"
Rafael Devers,Boston Red Sox,3B,"$564,500"
Blake Swihart,Boston Red Sox,C,"$563,500"
Marco Hernandez,Boston Red Sox,SS,"$554,000"
Austin Maddox,Boston Red Sox,RP,"$552,000"
Brian Johnson,Boston Red Sox,SP,"$548,000"
Hector Velazquez,Boston Red Sox,SP,"$547,000"
Bobby Poyner,Boston Red Sox,RP,"$545,000"
Marcus Walden,Boston Red Sox,RP,"$545,000"
Jon Lester,Chicago Cubs,SP,"$27,500,000"
Jason Heyward,Chicago Cubs,OF,"$26,055,288"
Yu Darvish,Chicago Cubs,SP,"$25,000,000"
Ben Zobrist,Chicago Cubs,2B,"$16,500,000"
Tyler Chatwood,Chicago Cubs,SP,"$12,500,000"
Kris Bryant,Chicago Cubs,3B,"$10,850,000"
Brandon Morrow,Chicago Cubs,RP,"$10,500,000"
Jose Quintana,Chicago Cubs,SP,"$8,850,000"
Anthony Rizzo,Chicago Cubs,1B,"$7,285,714"
Steve Cishek,Chicago Cubs,RP,"$6,500,000"
Pedro Strop,Chicago Cubs,RP,"$5,850,000"
Justin Wilson,Chicago Cubs,RP,"$4,250,000"
Kyle Hendricks,Chicago Cubs,SP,"$4,175,000"
Brian Duensing,Chicago Cubs,RP,"$3,500,000"
Addison Russell,Chicago Cubs,SS,"$3,200,000"
Drew Smyly,Chicago Cubs,SP,"$3,000,000"
Tommy La Stella,Chicago Cubs,2B,"$950,000"
Javier Baez,Chicago Cubs,2B,"$657,000"
Mike Montgomery,Chicago Cubs,RP,"$611,250"
Kyle Schwarber,Chicago Cubs,OF,"$604,500"
Willson Contreras,Chicago Cubs,C,"$604,500"
Carl Edwards Jr.,Chicago Cubs,RP,"$594,000"
Albert Almora Jr.,Chicago Cubs,OF,"$584,500"
Eddie Butler,Chicago Cubs,RP,"$570,750"
Ian Happ,Chicago Cubs,OF,"$570,000"
Victor Caratini,Chicago Cubs,C,"$547,500"
Joey Votto,Cincinnati Reds,1B,"$25,000,000"
Homer Bailey,Cincinnati Reds,SP,"$21,000,000"
Devin Mesoraco,Cincinnati Reds,C,"$13,125,000"
Scooter Gennett,Cincinnati Reds,2B,"$5,700,000"
Raisel Iglesias,Cincinnati Reds,RP,"$5,214,285"
Billy Hamilton,Cincinnati Reds,OF,"$4,600,000"
Tucker Barnhart,Cincinnati Reds,C,"$4,437,500"
Eugenio Suarez,Cincinnati Reds,3B,"$2,916,666"
David Hernandez,Cincinnati Reds,RP,"$2,500,000"
Jared Hughes,Cincinnati Reds,RP,"$2,125,000"
Cliff Pennington,Cincinnati Reds,2B,"$1,500,000"
Michael Lorenzen,Cincinnati Reds,RP,"$1,312,500"
Phil Gosselin,Cincinnati Reds,2B,"$1,250,000"
Anthony DeSclafani,Cincinnati Reds,SP,"$860,000"
Kevin Quackenbush,Cincinnati Reds,RP,"$690,000"
Adam Duvall,Cincinnati Reds,OF,"$645,000"
Scott Schebler,Cincinnati Reds,OF,"$580,000"
Brandon Finnegan,Cincinnati Reds,SP,"$577,500"
Jose Peraza,Cincinnati Reds,SS,"$570,000"
Wandy Peralta,Cincinnati Reds,RP,"$557,500"
Luis Castillo,Cincinnati Reds,SP,"$555,000"
Amir Garrett,Cincinnati Reds,SP,"$547,500"
Austin Brice,Cincinnati Reds,RP,"$547,500"
Cody Reed,Cincinnati Reds,RP,"$547,500"
Jackson Stephens,Cincinnati Reds,RP,"$545,000"
Jesse Winker,Cincinnati Reds,OF,"$545,000"
Kevin Shackelford,Cincinnati Reds,RP,"$545,000"
Phillip Ervin,Cincinnati Reds,OF,"$545,000"
Rookie Davis,Cincinnati Reds,SP,"$545,000"
Sal Romano,Cincinnati Reds,SP,"$545,000"
Tyler Mahle,Cincinnati Reds,SP,"$545,000"
Zack Weiss,Cincinnati Reds,RP,"$545,000"
Edwin Encarnacion,Cleveland Indians,DH,"$18,666,667"
Jason Kipnis,Cleveland Indians,2B,"$13,666,667"
Michael Brantley,Cleveland Indians,OF,"$12,000,000"
Corey Kluber,Cleveland Indians,SP,"$10,700,000"
Cody Allen,Cleveland Indians,RP,"$10,575,000"
Andrew Miller,Cleveland Indians,RP,"$9,000,000"
Carlos Carrasco,Cleveland Indians,SP,"$8,750,000"
Yonder Alonso,Cleveland Indians,1B,"$7,500,000"
Trevor Bauer,Cleveland Indians,SP,"$6,525,000"
Yan Gomes,Cleveland Indians,C,"$6,033,333"
Lonnie Chisenhall,Cleveland Indians,OF,"$5,587,500"
Danny Salazar,Cleveland Indians,SP,"$5,000,000"
Josh Tomlin,Cleveland Indians,SP,"$3,000,000"
Jose Ramirez,Cleveland Indians,3B,"$2,828,600"
Brandon Guyer,Cleveland Indians,OF,"$2,750,000"
Zach McAllister,Cleveland Indians,RP,"$2,450,000"
Rajai Davis,Cleveland Indians,OF,"$1,750,000"
Roberto Perez,Cleveland Indians,C,"$1,625,000"
Matt Belisle,Cleveland Indians,RP,"$1,500,000"
Dan Otero,Cleveland Indians,RP,"$1,150,000"
Francisco Lindor,Cleveland Indians,SS,"$623,200"
Tyler Naquin,Cleveland Indians,OF,"$564,800"
Nick Goody,Cleveland Indians,RP,"$561,500"
Mike Clevinger,Cleveland Indians,SP,"$558,500"
Bradley Zimmer,Cleveland Indians,OF,"$551,200"
Giovanny Urshela,Cleveland Indians,3B,"$548,300"
Tyler Olson,Cleveland Indians,RP,"$548,300"
Erik Gonzalez,Cleveland Indians,SS,"$547,800"
Ryan Merritt,Cleveland Indians,RP,"$545,800"
Cody Anderson,Cleveland Indians,SP,"$545,000"
Ian Desmond,Colorado Rockies,1B,"$22,000,000"
Nolan Arenado,Colorado Rockies,3B,"$17,750,000"
Wade Davis,Colorado Rockies,RP,"$16,333,333"
Charlie Blackmon,Colorado Rockies,OF,"$14,000,000"
Gerardo Parra,Colorado Rockies,OF,"$10,000,000"
DJ LeMahieu,Colorado Rockies,2B,"$8,500,000"
Bryan Shaw,Colorado Rockies,RP,"$8,166,666"
Jake McGee,Colorado Rockies,RP,"$7,666,666"
Mike Dunn,Colorado Rockies,RP,"$7,333,333"
Adam Ottavino,Colorado Rockies,RP,"$7,000,000"
Carlos Gonzalez,Colorado Rockies,OF,"$5,000,000"
Chris Iannetta,Colorado Rockies,C,"$3,975,000"
Chad Bettis,Colorado Rockies,SP,"$2,000,000"
Chris Rusin,Colorado Rockies,RP,"$1,287,500"
Zac Rosscup,Colorado Rockies,RP,"$610,000"
Jon Gray,Colorado Rockies,SP,"$555,000"
Scott Oberg,Colorado Rockies,RP,"$555,000"
Trevor Story,Colorado Rockies,SS,"$555,000"
Tyler Anderson,Colorado Rockies,SP,"$555,000"
Antonio Senzatela,Colorado Rockies,RP,"$550,000"
Carlos Estevez,Colorado Rockies,RP,"$550,000"
German Marquez,Colorado Rockies,SP,"$550,000"
Kyle Freeland,Colorado Rockies,SP,"$550,000"
Pat Valaika,Colorado Rockies,SS,"$550,000"
Tony Wolters,Colorado Rockies,C,"$550,000"
Jeff Hoffman,Colorado Rockies,SP,"$547,000"
Mike Tauchman,Colorado Rockies,OF,"$547,000"
Ryan McMahon,Colorado Rockies,1B,"$547,000"
Rayan Gonzalez,Colorado Rockies,RP,"$545,000"
James Shields,Chicago White Sox,SP,"$21,250,000"
Jose Abreu,Chicago White Sox,1B,"$13,000,000"
Joakim Soria,Chicago White Sox,RP,"$9,333,333"
Welington Castillo,Chicago White Sox,C,"$7,500,000"
Avisail Garcia,Chicago White Sox,OF,"$6,700,000"
Miguel Gonzalez,Chicago White Sox,SP,"$4,750,000"
Nate Jones,Chicago White Sox,RP,"$3,950,000"
Luis Avilan,Chicago White Sox,RP,"$2,450,000"
Yolmer Sanchez,Chicago White Sox,3B,"$2,350,000"
Carlos Rodon,Chicago White Sox,SP,"$2,300,000"
Hector Santiago,Chicago White Sox,RP,"$2,000,000"
Leury Garcia,Chicago White Sox,OF,"$1,175,000"
Danny Farquhar,Chicago White Sox,RP,"$1,050,000"
Tim Anderson,Chicago White Sox,SS,"$1,000,000"
Matt Davidson,Chicago White Sox,DH,"$570,000"
Tyler Saladino,Chicago White Sox,3B,"$565,000"
Kevan Smith,Chicago White Sox,C,"$560,000"
Omar Narvaez,Chicago White Sox,C,"$560,000"
Gregory Infante,Chicago White Sox,RP,"$558,000"
Juan Minaya,Chicago White Sox,RP,"$558,000"
Lucas Giolito,Chicago White Sox,SP,"$555,000"
Reynaldo Lopez,Chicago White Sox,SP,"$555,000"
Yoan Moncada,Chicago White Sox,2B,"$555,000"
Nicky Delmonico,Chicago White Sox,OF,"$553,000"
Adam Engel,Chicago White Sox,OF,"$552,000"
Carson Fulmer,Chicago White Sox,SP,"$552,000"
Aaron Bummer,Chicago White Sox,RP,"$549,000"
Miguel Cabrera,Detroit Tigers,1B,"$30,000,000"
Jordan Zimmermann,Detroit Tigers,SP,"$24,000,000"
Victor Martinez,Detroit Tigers,DH,"$18,000,000"
Jose Iglesias,Detroit Tigers,SS,"$6,275,000"
Nicholas Castellanos,Detroit Tigers,OF,"$6,050,000"
Mike Fiers,Detroit Tigers,SP,"$6,000,000"
Francisco Liriano,Detroit Tigers,SP,"$4,000,000"
James McCann,Detroit Tigers,C,"$2,375,000"
Shane Greene,Detroit Tigers,RP,"$1,950,000"
Alex Wilson,Detroit Tigers,RP,"$1,925,000"
Leonys Martin,Detroit Tigers,OF,"$1,750,000"
Niko Goodrum,Detroit Tigers,3B,"$650,000"
Michael Fulmer,Detroit Tigers,SP,"$575,200"
Matthew Boyd,Detroit Tigers,SP,"$562,000"
Daniel Norris,Detroit Tigers,SP,"$561,400"
Mikie Mahtook,Detroit Tigers,OF,"$560,400"
Buck Farmer,Detroit Tigers,RP,"$554,800"
Dixon Machado,Detroit Tigers,2B,"$553,600"
Daniel Stumpf,Detroit Tigers,RP,"$552,000"
Drew VerHagen,Detroit Tigers,RP,"$551,400"
John Hicks,Detroit Tigers,C,"$551,300"
Warwick Saupold,Detroit Tigers,RP,"$550,400"
JaCoby Jones,Detroit Tigers,OF,"$549,400"
Johnny Barbato,Detroit Tigers,RP,"$548,600"
Jeimer Candelario,Detroit Tigers,3B,"$548,300"
Joe Jimenez,Detroit Tigers,RP,"$547,200"
Victor Reyes,Detroit Tigers,OF,"$545,000"
Justin Verlander,Houston Astros,SP,"$28,000,000"
Brian McCann,Houston Astros,C,"$17,000,000"
Dallas Keuchel,Houston Astros,SP,"$13,200,000"
Josh Reddick,Houston Astros,OF,"$13,000,000"
Yulieski Gurriel,Houston Astros,1B,"$12,000,000"
George Springer,Houston Astros,OF,"$12,000,000"
Jose Altuve,Houston Astros,2B,"$9,000,000"
Joe Smith,Houston Astros,RP,"$7,000,000"
Charlie Morton,Houston Astros,SP,"$7,000,000"
Gerrit Cole,Houston Astros,SP,"$6,750,000"
Evan Gattis,Houston Astros,C,"$6,700,000"
Tony Sipp,Houston Astros,RP,"$6,000,000"
Marwin Gonzalez,Houston Astros,1B,"$5,125,000"
Collin McHugh,Houston Astros,RP,"$5,000,000"
Ken Giles,Houston Astros,RP,"$4,600,000"
Hector Rondon,Houston Astros,RP,"$4,000,000"
Will Harris,Houston Astros,RP,"$2,800,000"
Lance McCullers Jr.,Houston Astros,SP,"$2,450,000"
Brad Peacock,Houston Astros,RP,"$2,440,000"
Jake Marisnick,Houston Astros,OF,"$1,900,000"
Carlos Correa,Houston Astros,SS,"$1,000,000"
Chris Devenski,Houston Astros,RP,"$599,200"
Alex Bregman,Houston Astros,3B,"$599,000"
James Hoyt,Houston Astros,RP,"$567,700"
Max Stassi,Houston Astros,C,"$557,100"
Jandel Gustave,Houston Astros,RP,"$556,400"
Derek Fisher,Houston Astros,OF,"$554,400"
J.D. Davis,Houston Astros,3B,"$550,100"
Brady Rodgers,Houston Astros,SP,"$545,000"
Dean Deetz,Houston Astros,SP,"$545,000"
Alex Gordon,Kansas City Royals,OF,"$21,000,000"
Ian Kennedy,Kansas City Royals,SP,"$16,000,000"
Danny Duffy,Kansas City Royals,SP,"$14,000,000"
Jason Hammel,Kansas City Royals,SP,"$10,000,000"
Salvador Perez,Kansas City Royals,C,"$8,700,000"
Kelvin Herrera,Kansas City Royals,RP,"$7,937,500"
Mike Moustakas,Kansas City Royals,3B,"$6,500,000"
Jorge Soler,Kansas City Royals,OF,"$4,666,666"
Lucas Duda,Kansas City Royals,1B,"$3,500,000"
Jon Jay,Kansas City Royals,OF,"$3,000,000"
Brandon Maurer,Kansas City Royals,RP,"$2,950,000"
Alcides Escobar,Kansas City Royals,SS,"$2,500,000"
Drew Butera,Kansas City Royals,C,"$2,300,000"
Nate Karns,Kansas City Royals,SP,"$1,375,000"
Justin Grimm,Kansas City Royals,RP,"$1,250,000"
Blaine Boyer,Kansas City Royals,RP,"$1,000,000"
Ryan Goins,Kansas City Royals,SS,"$1,000,000"
Jesse Hahn,Kansas City Royals,SP,"$574,000"
Brian Flynn,Kansas City Royals,RP,"$573,500"
Cheslor Cuthbert,Kansas City Royals,3B,"$573,500"
Whit Merrifield,Kansas City Royals,2B,"$569,500"
Paulo Orlando,Kansas City Royals,OF,"$568,500"
Jorge Bonifacio,Kansas City Royals,OF,"$561,900"
Jakob Junis,Kansas City Royals,SP,"$554,250"
Burch Smith,Kansas City Royals,RP,"$552,450"
Raul Mondesi,Kansas City Royals,2B,"$547,125"
Eric Skoglund,Kansas City Royals,SP,"$546,625"
Cam Gallagher,Kansas City Royals,C,"$546,400"
Bubba Starling,Kansas City Royals,OF,"$546,200"
Brad Keller,Kansas City Royals,RP,"$545,000"
Tim Hill,Kansas City Royals,RP,"$545,000"
Mike Trout,Los Angeles Angels,OF,"$34,083,333"
Albert Pujols,Los Angeles Angels,1B,"$27,000,000"
Justin Upton,Los Angeles Angels,OF,"$17,700,000"
Zack Cozart,Los Angeles Angels,3B,"$12,666,666"
Andrelton Simmons,Los Angeles Angels,SS,"$11,000,000"
Ian Kinsler,Los Angeles Angels,2B,"$11,000,000"
Kole Calhoun,Los Angeles Angels,OF,"$8,833,333"
Luis Valbuena,Los Angeles Angels,1B,"$8,250,000"
Garrett Richards,Los Angeles Angels,SP,"$7,300,000"
Jim Johnson,Los Angeles Angels,RP,"$5,000,000"
Matt Shoemaker,Los Angeles Angels,SP,"$4,125,000"
Martin Maldonado,Los Angeles Angels,C,"$3,900,000"
Shohei Ohtani,Los Angeles Angels,SP,"$2,860,000"
Rene Rivera,Los Angeles Angels,C,"$2,800,000"
Chris Young,Los Angeles Angels,OF,"$2,000,000"
JC Ramirez,Los Angeles Angels,SP,"$1,900,000"
Tyler Skaggs,Los Angeles Angels,SP,"$1,875,000"
Blake Parker,Los Angeles Angels,RP,"$1,800,000"
Blake Wood,Los Angeles Angels,RP,"$1,450,000"
Cam Bedrosian,Los Angeles Angels,RP,"$1,100,000"
Jose Alvarez,Los Angeles Angels,RP,"$1,050,000"
Andrew Heaney,Los Angeles Angels,SP,"$800,000"
Jefry Marte,Los Angeles Angels,1B,"$559,000"
Alex Meyer,Los Angeles Angels,SP,"$551,500"
Keynan Middleton,Los Angeles Angels,RP,"$551,000"
Noe Ramirez,Los Angeles Angels,RP,"$548,500"
Luke Bard,Los Angeles Angels,RP,"$545,000"
Clayton Kershaw,Los Angeles Dodgers,SP,"$34,000,000"
Matt Kemp,Los Angeles Dodgers,OF,"$21,500,000"
Rich Hill,Los Angeles Dodgers,SP,"$16,666,667"
Justin Turner,Los Angeles Dodgers,3B,"$12,000,000"
Kenley Jansen,Los Angeles Dodgers,RP,"$10,800,000"
Yasiel Puig,Los Angeles Dodgers,OF,"$9,214,285"
Logan Forsythe,Los Angeles Dodgers,2B,"$9,000,000"
Yasmani Grandal,Los Angeles Dodgers,C,"$7,900,000"
Hyun-Jin Ryu,Los Angeles Dodgers,SP,"$7,833,333"
Alex Wood,Los Angeles Dodgers,SP,"$6,000,000"
Kenta Maeda,Los Angeles Dodgers,SP,"$3,125,000"
Joc Pederson,Los Angeles Dodgers,OF,"$2,600,000"
Tony Cingrani,Los Angeles Dodgers,RP,"$2,300,000"
Josh Fields,Los Angeles Dodgers,RP,"$2,200,000"
Tom Koehler,Los Angeles Dodgers,RP,"$2,000,000"
Enrique Hernandez,Los Angeles Dodgers,OF,"$1,600,000"
Pedro Baez,Los Angeles Dodgers,RP,"$1,500,000"
Chase Utley,Los Angeles Dodgers,2B,"$1,000,000"
Yimi Garcia,Los Angeles Dodgers,RP,"$630,000"
Corey Seager,Los Angeles Dodgers,SS,"$605,000"
Cody Bellinger,Los Angeles Dodgers,1B,"$585,000"
Chris Taylor,Los Angeles Dodgers,OF,"$575,000"
Austin Barnes,Los Angeles Dodgers,C,"$555,000"
Ross Stripling,Los Angeles Dodgers,RP,"$555,000"
Scott Alexander,Los Angeles Dodgers,RP,"$555,000"
J.T. Chargois,Los Angeles Dodgers,RP,"$550,000"
Julio Urias,Los Angeles Dodgers,SP,"$550,000"
Wilmer Font,Los Angeles Dodgers,RP,"$550,000"
Kyle Farmer,Los Angeles Dodgers,C,"$547,500"
Martin Prado,Miami Marlins,3B,"$13,500,000"
Starlin Castro,Miami Marlins,2B,"$11,000,000"
Wei-Yin Chen,Miami Marlins,SP,"$10,000,000"
Brad Ziegler,Miami Marlins,RP,"$9,000,000"
Junichi Tazawa,Miami Marlins,RP,"$7,000,000"
Justin Bour,Miami Marlins,1B,"$3,400,000"
Dan Straily,Miami Marlins,SP,"$3,375,000"
Cameron Maybin,Miami Marlins,OF,"$3,250,000"
Derek Dietrich,Miami Marlins,OF,"$2,900,000"
J.T. Realmuto,Miami Marlins,C,"$2,900,000"
Jacob Turner,Miami Marlins,RP,"$2,000,000"
Miguel Rojas,Miami Marlins,SS,"$1,180,000"
Kyle Barraclough,Miami Marlins,RP,"$1,113,000"
Braxton Lee,Miami Marlins,OF,"$1,090,000"
Brett Graves,Miami Marlins,RP,"$1,090,000"
Caleb Smith,Miami Marlins,SP,"$1,090,000"
Chris O'Grady,Miami Marlins,SP,"$1,090,000"
Dillon Peters,Miami Marlins,SP,"$1,090,000"
Drew Steckenrider,Miami Marlins,RP,"$1,090,000"
Elieser Hernandez,Miami Marlins,SP,"$1,090,000"
Odrisamer Despaigne,Miami Marlins,SP,"$1,090,000"
Bryan Holaday,Miami Marlins,C,"$1,000,000"
Jose Urena,Miami Marlins,SP,"$575,000"
Yadiel Rivera,Miami Marlins,3B,"$560,000"
Jarlin Garcia,Miami Marlins,SP,"$555,000"
Brian Anderson,Miami Marlins,3B,"$545,000"
Chad Wallach,Miami Marlins,C,"$545,000"
Garrett Cooper,Miami Marlins,1B,"$545,000"
JT Riddle,Miami Marlins,SS,"$545,000"
Lewis Brinson,Miami Marlins,OF,"$545,000"
Tayron Guerrero,Miami Marlins,RP,"$545,000"
Tomas Telis,Miami Marlins,C,"$545,000"
Ryan Braun,Milwaukee Brewers,OF,"$19,088,823"
Lorenzo Cain,Milwaukee Brewers,OF,"$14,000,000"
Jhoulys Chacin,Milwaukee Brewers,SP,"$8,750,000"
Christian Yelich,Milwaukee Brewers,OF,"$7,000,000"
Eric Thames,Milwaukee Brewers,1B,"$5,333,333"
Chase Anderson,Milwaukee Brewers,SP,"$5,000,000"
Jimmy Nelson,Milwaukee Brewers,SP,"$3,700,000"
Corey Knebel,Milwaukee Brewers,RP,"$3,650,000"
Stephen Vogt,Milwaukee Brewers,C,"$3,065,000"
Jonathan Villar,Milwaukee Brewers,2B,"$2,550,000"
Matt Albers,Milwaukee Brewers,RP,"$2,500,000"
Boone Logan,Milwaukee Brewers,RP,"$2,500,000"
Eric Sogard,Milwaukee Brewers,2B,"$2,400,000"
Hernan Perez,Milwaukee Brewers,2B,"$1,975,000"
Jeremy Jeffress,Milwaukee Brewers,RP,"$1,750,000"
Ji-Man Choi,Milwaukee Brewers,1B,"$850,000"
Domingo Santana,Milwaukee Brewers,OF,"$572,400"
Zach Davies,Milwaukee Brewers,SP,"$572,000"
Travis Shaw,Milwaukee Brewers,3B,"$567,400"
Manny Pina,Milwaukee Brewers,C,"$560,100"
Orlando Arcia,Milwaukee Brewers,SS,"$559,600"
Jacob Barnes,Milwaukee Brewers,RP,"$558,900"
Jesus Aguilar,Milwaukee Brewers,1B,"$557,200"
Brent Suter,Milwaukee Brewers,SP,"$556,500"
Josh Hader,Milwaukee Brewers,RP,"$556,500"
Oliver Drake,Milwaukee Brewers,RP,"$554,300"
Jett Bandy,Milwaukee Brewers,C,"$550,700"
Brandon Woodruff,Milwaukee Brewers,SP,"$550,100"
Joe Mauer,Minnesota Twins,1B,"$23,000,000"
Ervin Santana,Minnesota Twins,SP,"$13,500,000"
Phil Hughes,Minnesota Twins,RP,"$13,200,000"
Lance Lynn,Minnesota Twins,SP,"$12,000,000"
Brian Dozier,Minnesota Twins,2B,"$9,000,000"
Addison Reed,Minnesota Twins,RP,"$8,250,000"
Jason Castro,Minnesota Twins,C,"$8,000,000"
Logan Morrison,Minnesota Twins,1B,"$6,500,000"
Jake Odorizzi,Minnesota Twins,SP,"$6,300,000"
Eduardo Escobar,Minnesota Twins,SS,"$4,850,000"
Fernando Rodney,Minnesota Twins,RP,"$4,500,000"
Kyle Gibson,Minnesota Twins,SP,"$4,200,000"
Zach Duke,Minnesota Twins,RP,"$2,150,000"
Michael Pineda,Minnesota Twins,SP,"$2,000,000"
Robbie Grossman,Minnesota Twins,OF,"$2,000,000"
Ryan Pressly,Minnesota Twins,RP,"$1,600,000"
Ehire Adrianza,Minnesota Twins,SS,"$1,000,000"
Trevor May,Minnesota Twins,RP,"$650,000"
Eddie Rosario,Minnesota Twins,OF,"$602,500"
Miguel Sano,Minnesota Twins,3B,"$602,500"
Max Kepler,Minnesota Twins,OF,"$587,500"
Ryan LaMarre,Minnesota Twins,OF,"$585,000"
Byron Buxton,Minnesota Twins,OF,"$580,000"
Jorge Polanco,Minnesota Twins,SS,"$575,000"
Jose Berrios,Minnesota Twins,SP,"$570,000"
Taylor Rogers,Minnesota Twins,RP,"$565,000"
Trevor Hildenberger,Minnesota Twins,RP,"$555,000"
Mitch Garver,Minnesota Twins,C,"$547,500"
Gabriel Moya,Minnesota Twins,RP,"$545,000"
Tyler Kinley,Minnesota Twins,RP,"$545,000"
Yoenis Cespedes,New York Mets,OF,"$29,000,000"
Adrian Gonzalez,New York Mets,1B,"$22,357,142"
David Wright,New York Mets,3B,"$19,399,744"
Jay Bruce,New York Mets,OF,"$11,000,000"
AJ Ramos,New York Mets,RP,"$9,225,000"
Asdrubal Cabrera,New York Mets,2B,"$8,250,000"
Todd Frazier,New York Mets,3B,"$8,000,000"
Jeurys Familia,New York Mets,RP,"$7,925,000"
Jacob deGrom,New York Mets,SP,"$7,400,000"
Jason Vargas,New York Mets,SP,"$7,000,000"
Jerry Blevins,New York Mets,RP,"$7,000,000"
Juan Lagares,New York Mets,OF,"$6,500,000"
Matt Harvey,New York Mets,SP,"$5,625,000"
Anthony Swarzak,New York Mets,RP,"$5,500,000"
Travis d'Arnaud,New York Mets,C,"$3,475,000"
Wilmer Flores,New York Mets,1B,"$3,400,000"
Noah Syndergaard,New York Mets,SP,"$2,975,000"
Jose Reyes,New York Mets,SS,"$2,000,000"
Michael Conforto,New York Mets,OF,"$605,094"
Steven Matz,New York Mets,SP,"$577,000"
Seth Lugo,New York Mets,SP,"$564,000"
Robert Gsellman,New York Mets,RP,"$562,375"
Rafael Montero,New York Mets,RP,"$558,025"
Kevin Plawecki,New York Mets,C,"$557,471"
Brandon Nimmo,New York Mets,OF,"$555,968"
Phillip Evans,New York Mets,3B,"$555,000"
Paul Sewald,New York Mets,RP,"$553,250"
Amed Rosario,New York Mets,SS,"$548,940"
Dominic Smith,New York Mets,1B,"$546,800"
Jacob Rhame,New York Mets,RP,"$545,650"
Giancarlo Stanton,New York Yankees,OF,"$25,000,000"
Masahiro Tanaka,New York Yankees,SP,"$22,000,000"
Jacoby Ellsbury,New York Yankees,OF,"$21,857,142"
Aroldis Chapman,New York Yankees,RP,"$17,200,000"
David Robertson,New York Yankees,RP,"$13,000,000"
Brett Gardner,New York Yankees,OF,"$12,000,000"
CC Sabathia,New York Yankees,SP,"$10,000,000"
Didi Gregorius,New York Yankees,SS,"$8,250,000"
Sonny Gray,New York Yankees,SP,"$6,500,000"
Dellin Betances,New York Yankees,RP,"$5,100,000"
Neil Walker,New York Yankees,2B,"$4,000,000"
Adam Warren,New York Yankees,RP,"$3,315,000"
Aaron Hicks,New York Yankees,OF,"$2,825,000"
Tommy Kahnle,New York Yankees,RP,"$1,312,500"
Austin Romine,New York Yankees,C,"$1,100,000"
Chasen Shreve,New York Yankees,RP,"$805,000"
Aaron Judge,New York Yankees,OF,"$622,300"
Brandon Drury,New York Yankees,3B,"$621,900"
Gary Sanchez,New York Yankees,C,"$620,400"
Ronald Torreyes,New York Yankees,SS,"$615,500"
Luis Severino,New York Yankees,SP,"$604,975"
Greg Bird,New York Yankees,1B,"$582,000"
Jordan Montgomery,New York Yankees,SP,"$580,450"
Chad Green,New York Yankees,RP,"$570,800"
Clint Frazier,New York Yankees,OF,"$559,200"
Tyler Austin,New York Yankees,1B,"$558,600"
Jonathan Holder,New York Yankees,RP,"$553,850"
Tyler Wade,New York Yankees,OF,"$551,300"
Khris Davis,Oakland Athletics,OF,"$10,500,000"
Jonathan Lucroy,Oakland Athletics,C,"$6,500,000"
Santiago Casilla,Oakland Athletics,RP,"$6,000,000"
Jed Lowrie,Oakland Athletics,2B,"$6,000,000"
Matt Joyce,Oakland Athletics,OF,"$6,000,000"
Yusmeiro Petit,Oakland Athletics,RP,"$4,000,000"
Marcus Semien,Oakland Athletics,SS,"$3,125,000"
Kendall Graveman,Oakland Athletics,SP,"$2,360,000"
Blake Treinen,Oakland Athletics,RP,"$2,150,000"
Chris Hatcher,Oakland Athletics,RP,"$2,150,000"
Liam Hendriks,Oakland Athletics,RP,"$1,900,000"
Stephen Piscotty,Oakland Athletics,OF,"$1,500,000"
Josh Phegley,Oakland Athletics,C,"$905,000"
Jake Smolinski,Oakland Athletics,OF,"$775,000"
Ryan Buchter,Oakland Athletics,RP,"$555,000"
Ryan Dull,Oakland Athletics,RP,"$555,000"
Andrew Triggs,Oakland Athletics,SP,"$550,000"
Bruce Maxwell,Oakland Athletics,C,"$550,000"
Chad Pinder,Oakland Athletics,SS,"$550,000"
Daniel Coulombe,Oakland Athletics,RP,"$550,000"
Jharel Cotton,Oakland Athletics,SP,"$550,000"
Sean Manaea,Oakland Athletics,SP,"$550,000"
Boog Powell,Oakland Athletics,OF,"$547,500"
Daniel Gossett,Oakland Athletics,SP,"$547,500"
Daniel Mengden,Oakland Athletics,SP,"$547,500"
Emilio Pagan,Oakland Athletics,RP,"$547,500"
Matt Chapman,Oakland Athletics,3B,"$547,500"
Matt Olson,Oakland Athletics,1B,"$547,500"
Paul Blackburn,Oakland Athletics,SP,"$547,500"
Renato Nunez,Oakland Athletics,OF,"$545,000"
Jake Arrieta,Philadelphia Phillies,SP,"$30,000,000"
Carlos Santana,Philadelphia Phillies,1B,"$18,500,000"
Tommy Hunter,Philadelphia Phillies,RP,"$9,000,000"
Pat Neshek,Philadelphia Phillies,RP,"$8,125,000"
Cesar Hernandez,Philadelphia Phillies,2B,"$5,100,000"
Odubel Herrera,Philadelphia Phillies,OF,"$3,550,000"
Drew Hutchison,Philadelphia Phillies,RP,"$3,000,000"
Maikel Franco,Philadelphia Phillies,3B,"$2,950,000"
Luis Garcia,Philadelphia Phillies,RP,"$1,200,000"
Scott Kingery,Philadelphia Phillies,2B,"$1,166,666"
Pedro Florimon,Philadelphia Phillies,OF,"$600,000"
Hector Neris,Philadelphia Phillies,RP,"$582,500"
Aaron Nola,Philadelphia Phillies,SP,"$573,000"
Jerad Eickhoff,Philadelphia Phillies,SP,"$568,000"
Aaron Altherr,Philadelphia Phillies,OF,"$561,000"
Adam Morgan,Philadelphia Phillies,RP,"$560,000"
Vince Velasquez,Philadelphia Phillies,SP,"$559,000"
Edubray Ramos,Philadelphia Phillies,RP,"$554,000"
Nick Williams,Philadelphia Phillies,OF,"$553,000"
Rhys Hoskins,Philadelphia Phillies,OF,"$552,500"
Nick Pivetta,Philadelphia Phillies,SP,"$551,000"
Ben Lively,Philadelphia Phillies,SP,"$550,000"
Mark Leiter,Philadelphia Phillies,RP,"$549,500"
Jake Thompson,Philadelphia Phillies,RP,"$549,000"
Andrew Knapp,Philadelphia Phillies,C,"$548,000"
Hoby Milner,Philadelphia Phillies,RP,"$548,000"
Jorge Alfaro,Philadelphia Phillies,C,"$547,000"
J.P. Crawford,Philadelphia Phillies,SS,"$545,500"
Victor Arano,Philadelphia Phillies,RP,"$545,500"
Francisco Cervelli,Pittsburgh Pirates,C,"$10,500,000"
Josh Harrison,Pittsburgh Pirates,2B,"$10,500,000"
Ivan Nova,Pittsburgh Pirates,SP,"$9,166,667"
Starling Marte,Pittsburgh Pirates,OF,"$8,166,666"
Jordy Mercer,Pittsburgh Pirates,SS,"$6,750,000"
Corey Dickerson,Pittsburgh Pirates,OF,"$5,950,000"
Sean Rodriguez,Pittsburgh Pirates,1B,"$5,750,000"
Gregory Polanco,Pittsburgh Pirates,OF,"$4,700,000"
David Freese,Pittsburgh Pirates,3B,"$4,500,000"
Felipe Rivero,Pittsburgh Pirates,RP,"$3,250,000"
Jung-ho Kang,Pittsburgh Pirates,3B,"$3,062,500"
George Kontos,Pittsburgh Pirates,RP,"$2,725,000"
Michael Feliz,Pittsburgh Pirates,RP,"$575,500"
Josh Bell,Pittsburgh Pirates,1B,"$572,500"
Adam Frazier,Pittsburgh Pirates,OF,"$571,000"
Jameson Taillon,Pittsburgh Pirates,SP,"$571,000"
Joe Musgrove,Pittsburgh Pirates,SP,"$571,000"
Chad Kuhl,Pittsburgh Pirates,SP,"$570,500"
Josh Smoker,Pittsburgh Pirates,RP,"$570,500"
Trevor Williams,Pittsburgh Pirates,SP,"$569,500"
A.J. Schugel,Pittsburgh Pirates,RP,"$567,000"
Elias Diaz,Pittsburgh Pirates,C,"$559,000"
Dovydas Neverauskas,Pittsburgh Pirates,RP,"$557,500"
Steven Brault,Pittsburgh Pirates,RP,"$557,000"
Edgar Santana,Pittsburgh Pirates,RP,"$556,500"
Tyler Glasnow,Pittsburgh Pirates,RP,"$556,500"
Colin Moran,Pittsburgh Pirates,3B,"$550,000"
Nick Burdi,Pittsburgh Pirates,RP,"$545,000"
Nik Turley,Pittsburgh Pirates,RP,"$545,000"
Eric Hosmer,San Diego Padres,1B,"$21,625,000"
Chase Headley,San Diego Padres,3B,"$13,000,000"
Freddy Galvis,San Diego Padres,SS,"$6,825,000"
Wil Myers,San Diego Padres,OF,"$4,666,666"
Brad Hand,San Diego Padres,RP,"$4,416,666"
Clayton Richard,San Diego Padres,SP,"$3,000,000"
Craig Stammen,San Diego Padres,RP,"$2,250,000"
Kazuhisa Makita,San Diego Padres,RP,"$1,900,000"
Cory Spangenberg,San Diego Padres,2B,"$1,700,000"
A.J. Ellis,San Diego Padres,C,"$1,250,000"
Kirby Yates,San Diego Padres,RP,"$1,062,500"
Jordan Lyles,San Diego Padres,RP,"$1,000,000"
Matt Szczur,San Diego Padres,OF,"$950,000"
Robbie Erlin,San Diego Padres,SP,"$650,000"
Raffy Lopez,San Diego Padres,C,"$580,000"
Luis Perdomo,San Diego Padres,SP,"$566,800"
Manuel Margot,San Diego Padres,OF,"$556,900"
Jose Pirela,San Diego Padres,OF,"$556,200"
Dinelson Lamet,San Diego Padres,SP,"$555,700"
Colin Rea,San Diego Padres,SP,"$555,600"
Hunter Renfroe,San Diego Padres,OF,"$553,800"
Austin Hedges,San Diego Padres,C,"$553,100"
Bryan Mitchell,San Diego Padres,SP,"$552,800"
Matt Strahm,San Diego Padres,SP,"$552,700"
Alex Dickerson,San Diego Padres,OF,"$551,600"
Carlos Asuaje,San Diego Padres,2B,"$550,100"
Allen Cordoba,San Diego Padres,2B,"$548,500"
Christian Villanueva,San Diego Padres,3B,"$548,500"
Kyle McGrath,San Diego Padres,RP,"$546,900"
Franchy Cordero,San Diego Padres,OF,"$546,500"
Adam Cimber,San Diego Padres,RP,"$545,000"
Felix Hernandez,Seattle Mariners,SP,"$26,857,143"
Robinson Cano,Seattle Mariners,2B,"$24,000,000"
Kyle Seager,Seattle Mariners,3B,"$19,000,000"
Mike Leake,Seattle Mariners,SP,"$18,000,000"
Nelson Cruz,Seattle Mariners,DH,"$14,250,000"
Dee Gordon,Seattle Mariners,OF,"$11,000,000"
Jean Segura,Seattle Mariners,SS,"$9,800,000"
Juan Nicasio,Seattle Mariners,RP,"$7,750,000"
David Phelps,Seattle Mariners,RP,"$5,550,000"
Marc Rzepczynski,Seattle Mariners,RP,"$5,500,000"
James Paxton,Seattle Mariners,SP,"$4,900,000"
Erasmo Ramirez,Seattle Mariners,SP,"$4,200,000"
Mike Zunino,Seattle Mariners,C,"$2,975,000"
Nick Vincent,Seattle Mariners,RP,"$2,750,000"
Andrew Romine,Seattle Mariners,SS,"$1,050,000"
Guillermo Heredia,Seattle Mariners,OF,"$782,000"
Ichiro Suzuki,Seattle Mariners,OF,"$750,000"
Wade LeBlanc,Seattle Mariners,RP,"$650,000"
Edwin Diaz,Seattle Mariners,RP,"$570,800"
Mitch Haniger,Seattle Mariners,OF,"$560,200"
Ryon Healy,Seattle Mariners,1B,"$559,200"
Ben Gamel,Seattle Mariners,OF,"$558,100"
James Pazos,Seattle Mariners,RP,"$553,900"
Marco Gonzales,Seattle Mariners,SP,"$550,300"
Dan Altavilla,Seattle Mariners,RP,"$549,900"
Casey Lawrence,Seattle Mariners,RP,"$546,000"
Daniel Vogelbach,Seattle Mariners,1B,"$545,700"
Mike Marjama,Seattle Mariners,C,"$545,700"
Johnny Cueto,San Francisco Giants,SP,"$22,666,666"
Buster Posey,San Francisco Giants,C,"$22,177,778"
Jeff Samardzija,San Francisco Giants,SP,"$19,800,000"
Pablo Sandoval,San Francisco Giants,3B,"$19,600,000"
Hunter Pence,San Francisco Giants,OF,"$18,700,000"
Brandon Belt,San Francisco Giants,1B,"$17,200,000"
Brandon Crawford,San Francisco Giants,SS,"$15,200,000"
Mark Melancon,San Francisco Giants,RP,"$15,000,000"
Andrew McCutchen,San Francisco Giants,OF,"$14,750,000"
Evan Longoria,San Francisco Giants,3B,"$14,500,000"
Madison Bumgarner,San Francisco Giants,SP,"$12,000,000"
Sam Dyson,San Francisco Giants,RP,"$4,425,000"
Joe Panik,San Francisco Giants,2B,"$3,450,000"
Tony Watson,San Francisco Giants,RP,"$3,250,000"
Austin Jackson,San Francisco Giants,OF,"$3,000,000"
Nick Hundley,San Francisco Giants,C,"$2,500,000"
Will Smith,San Francisco Giants,RP,"$2,500,000"
Cory Gearrin,San Francisco Giants,RP,"$1,675,000"
Hunter Strickland,San Francisco Giants,RP,"$1,550,000"
Derek Holland,San Francisco Giants,SP,"$1,500,000"
Gregor Blanco,San Francisco Giants,OF,"$1,000,000"
Ty Blach,San Francisco Giants,SP,"$565,000"
Gorkys Hernandez,San Francisco Giants,OF,"$561,500"
Kelby Tomlinson,San Francisco Giants,2B,"$560,000"
Josh Osich,San Francisco Giants,RP,"$558,000"
Chris Stratton,San Francisco Giants,SP,"$552,500"
Roberto E Gomez,San Francisco Giants,RP,"$550,000"
Reyes Moronta,San Francisco Giants,RP,"$545,500"
Julian Fernandez,San Francisco Giants,RP,"$545,000"
Pierce Johnson,San Francisco Giants,RP,"$545,000"
Yadier Molina,St. Louis Cardinals,C,"$22,000,000"
Adam Wainwright,St. Louis Cardinals,SP,"$19,500,000"
Dexter Fowler,St. Louis Cardinals,OF,"$16,500,000"
Matt Carpenter,St. Louis Cardinals,1B,"$14,083,333"
Carlos Martinez,St. Louis Cardinals,SP,"$11,800,000"
Jedd Gyorko,St. Louis Cardinals,3B,"$9,166,666"
Marcell Ozuna,St. Louis Cardinals,OF,"$9,000,000"
Brett Cecil,St. Louis Cardinals,RP,"$7,750,000"
Miles Mikolas,St. Louis Cardinals,SP,"$7,500,000"
Luke Gregerson,St. Louis Cardinals,RP,"$5,500,000"
Michael Wacha,St. Louis Cardinals,SP,"$5,300,000"
Kolten Wong,St. Louis Cardinals,2B,"$4,200,000"
Bud Norris,St. Louis Cardinals,RP,"$3,000,000"
Dominic Leone,St. Louis Cardinals,RP,"$2,170,000"
Paul DeJong,St. Louis Cardinals,SS,"$1,500,000"
Tyler Lyons,St. Louis Cardinals,RP,"$1,200,000"
Francisco Pena,St. Louis Cardinals,C,"$650,000"
Tommy Pham,St. Louis Cardinals,OF,"$570,100"
Greg Garcia,St. Louis Cardinals,3B,"$569,600"
Matt Bowman,St. Louis Cardinals,RP,"$565,900"
Jose Martinez,St. Louis Cardinals,OF,"$560,400"
Sam Tuivailala,St. Louis Cardinals,RP,"$554,600"
Luke Weaver,St. Louis Cardinals,SP,"$550,800"
Alex Reyes,St. Louis Cardinals,SP,"$545,600"
Jack Flaherty,St. Louis Cardinals,SP,"$545,000"
Jordan Hicks,St. Louis Cardinals,RP,"$545,000"
Mike Mayers,St. Louis Cardinals,RP,"$545,000"
Yairo Munoz,St. Louis Cardinals,SS,"$545,000"
Denard Span,Tampa Bay Rays,OF,"$12,333,333"
Wilson Ramos,Tampa Bay Rays,C,"$8,500,000"
Chris Archer,Tampa Bay Rays,SP,"$6,458,333"
Kevin Kiermaier,Tampa Bay Rays,OF,"$6,083,333"
Adeiny Hechavarria,Tampa Bay Rays,SS,"$5,900,000"
Alex Colome,Tampa Bay Rays,RP,"$5,300,000"
Brad Miller,Tampa Bay Rays,2B,"$4,500,000"
Carlos Gomez,Tampa Bay Rays,OF,"$4,000,000"
Sergio Romo,Tampa Bay Rays,RP,"$2,500,000"
C.J. Cron,Tampa Bay Rays,1B,"$2,300,000"
Nathan Eovaldi,Tampa Bay Rays,SP,"$2,000,000"
Matt Duffy,Tampa Bay Rays,3B,"$930,000"
Jesus Sucre,Tampa Bay Rays,C,"$925,000"
Chaz Roe,Tampa Bay Rays,RP,"$720,000"
Matt Andriese,Tampa Bay Rays,RP,"$558,400"
Blake Snell,Tampa Bay Rays,SP,"$558,200"
Jake Faria,Tampa Bay Rays,SP,"$555,000"
Mallex Smith,Tampa Bay Rays,OF,"$553,000"
Rob Refsnyder,Tampa Bay Rays,2B,"$552,500"
Austin Pruitt,Tampa Bay Rays,RP,"$550,200"
Jose Alvarado,Tampa Bay Rays,RP,"$549,800"
Daniel Robertson,Tampa Bay Rays,SS,"$548,300"
Andrew Kittredge,Tampa Bay Rays,RP,"$548,100"
Joey Wendle,Tampa Bay Rays,2B,"$546,900"
Jose De Leon,Tampa Bay Rays,RP,"$545,600"
Ryan Yarbrough,Tampa Bay Rays,RP,"$545,000"
Yonny Chirinos,Tampa Bay Rays,RP,"$545,000"
Cole Hamels,Texas Rangers,SP,"$22,500,000"
Shin-Soo Choo,Texas Rangers,OF,"$20,000,000"
Adrian Beltre,Texas Rangers,3B,"$18,000,000"
Elvis Andrus,Texas Rangers,SS,"$15,333,333"
Matt Moore,Texas Rangers,SP,"$9,250,000"
Mike Minor,Texas Rangers,SP,"$8,333,333"
Martin Perez,Texas Rangers,SP,"$6,000,000"
Doug Fister,Texas Rangers,SP,"$4,000,000"
Rougned Odor,Texas Rangers,2B,"$3,333,333"
Jake Diekman,Texas Rangers,RP,"$2,712,500"
Robinson Chirinos,Texas Rangers,C,"$2,250,000"
Chris Martin,Texas Rangers,RP,"$1,750,000"
Tony Barnette,Texas Rangers,RP,"$1,750,000"
Kevin Jepsen,Texas Rangers,RP,"$1,250,000"
Keone Kela,Texas Rangers,RP,"$1,200,000"
Jurickson Profar,Texas Rangers,2B,"$1,050,000"
Jesse Chavez,Texas Rangers,RP,"$1,000,000"
Tim Lincecum,Texas Rangers,RP,"$1,000,000"
Ryan Rua,Texas Rangers,OF,"$870,000"
Juan Centeno,Texas Rangers,C,"$600,000"
Alex Claudio,Texas Rangers,RP,"$568,450"
Nomar Mazara,Texas Rangers,OF,"$563,560"
Delino DeShields,Texas Rangers,OF,"$561,500"
Joey Gallo,Texas Rangers,1B,"$560,000"
Matt Bush,Texas Rangers,RP,"$555,950"
Jose Leclerc,Texas Rangers,RP,"$552,300"
Drew Robinson,Texas Rangers,OF,"$547,990"
Ricardo Rodriguez,Texas Rangers,RP,"$547,000"
Clayton Blackburn,Texas Rangers,SP,"$546,000"
Ronald Herrera,Texas Rangers,SP,"$546,000"
Carlos Tocci,Texas Rangers,OF,"$545,000"
Joe Palumbo,Texas Rangers,SP,"$545,000"
Josh Donaldson,Toronto Blue Jays,3B,"$23,000,000"
Troy Tulowitzki,Toronto Blue Jays,SS,"$20,000,000"
Russell Martin,Toronto Blue Jays,C,"$20,000,000"
J.A. Happ,Toronto Blue Jays,SP,"$13,000,000"
Marco Estrada,Toronto Blue Jays,SP,"$13,000,000"
Kendrys Morales,Toronto Blue Jays,DH,"$11,000,000"
Jaime Garcia,Toronto Blue Jays,SP,"$10,000,000"
Marcus Stroman,Toronto Blue Jays,SP,"$6,500,000"
Steve Pearce,Toronto Blue Jays,1B,"$6,250,000"
Roberto Osuna,Toronto Blue Jays,RP,"$5,300,000"
Curtis Granderson,Toronto Blue Jays,OF,"$5,000,000"
Justin Smoak,Toronto Blue Jays,1B,"$4,250,000"
Yangervis Solarte,Toronto Blue Jays,3B,"$4,125,000"
Kevin Pillar,Toronto Blue Jays,OF,"$3,250,000"
Aaron Sanchez,Toronto Blue Jays,SP,"$2,700,000"
Randal Grichuk,Toronto Blue Jays,OF,"$2,600,000"
Aledmys Diaz,Toronto Blue Jays,SS,"$2,000,000"
Seung Hwan Oh,Toronto Blue Jays,RP,"$2,000,000"
Aaron Loup,Toronto Blue Jays,RP,"$1,812,500"
John Axford,Toronto Blue Jays,RP,"$1,500,000"
Tyler Clippard,Toronto Blue Jays,RP,"$1,500,000"
Devon Travis,Toronto Blue Jays,2B,"$1,450,000"
Ryan Tepera,Toronto Blue Jays,RP,"$574,700"
Danny Barnes,Toronto Blue Jays,RP,"$561,600"
Luke Maile,Toronto Blue Jays,C,"$558,400"
Dalton Pompey,Toronto Blue Jays,OF,"$552,000"
Gift Ngoepe,Toronto Blue Jays,2B,"$547,600"
Anthony Alford,Toronto Blue Jays,OF,"$545,400"
Thomas Pannone,Toronto Blue Jays,SP,"$545,000"
Max Scherzer,Washington Nationals,SP,"$22,142,857"
Bryce Harper,Washington Nationals,OF,"$21,625,000"
Daniel Murphy,Washington Nationals,2B,"$17,500,000"
Stephen Strasburg,Washington Nationals,SP,"$16,428,571"
Ryan Zimmerman,Washington Nationals,1B,"$14,333,333"
Anthony Rendon,Washington Nationals,3B,"$12,300,000"
Gio Gonzalez,Washington Nationals,SP,"$12,000,000"
Matt Wieters,Washington Nationals,C,"$10,500,000"
Ryan Madson,Washington Nationals,RP,"$7,666,667"
Tanner Roark,Washington Nationals,SP,"$6,475,000"
Adam Eaton,Washington Nationals,OF,"$6,300,000"
Shawn Kelley,Washington Nationals,RP,"$5,500,000"
Brandon Kintzler,Washington Nationals,RP,"$5,000,000"
Sean Doolittle,Washington Nationals,RP,"$4,450,000"
Matt Adams,Washington Nationals,1B,"$4,000,000"
Howie Kendrick,Washington Nationals,OF,"$3,000,000"
Michael A. Taylor,Washington Nationals,OF,"$2,525,000"
Miguel Montero,Washington Nationals,C,"$1,300,000"
Joaquin Benoit,Washington Nationals,RP,"$1,000,000"
Trea Turner,Washington Nationals,SS,"$577,200"
Joe Ross,Washington Nationals,SP,"$567,900"
Enny Romero,Washington Nationals,RP,"$565,000"
Sammy Solis,Washington Nationals,RP,"$560,300"
Wilmer Difo,Washington Nationals,2B,"$557,900"
Matt Grace,Washington Nationals,RP,"$557,000"
A.J. Cole,Washington Nationals,SP,"$555,300"
Trevor Gott,Washington Nationals,RP,"$555,000"
Brian Goodwin,Washington Nationals,OF,"$553,900"
Koda Glover,Washington Nationals,RP,"$551,700"
Raudy Read,Washington Nationals,C,"$546,000"
